{"Stuff":{"op_drive_params":{"sb_f_0_Mode_5":{"Envelope":"Sine_Squared_Ramp","shift":0.04784470905747803,"epsilon":1.23,"Envelope Args":{"ramp_time":10,"pulse_time":198.5},"freq_d":-2.374956311447704,"pulse_time":198.5},"sb_f_0_Mode_3":{"Envelope":"Sine_Squared_Ramp","shift":0.042040532130898874,"epsilon":0.78,"Envelope Args":{"ramp_time":10,"pulse_time":198.33333333333334},"freq_d":-2.8674792852952606,"pulse_time":198.33333333333334},"sb_f_1_Mode_5":{"Envelope":"Sine_Squared_Ramp","shift":0.04784470905747803,"epsilon":1.23,"Envelope Args":{"ramp_time":10,"pulse_time":143.5},"freq_d":-2.374639568103845,"pulse_time":143.5},"sb_f_2_Mode_5":{"Envelope":"Sine_Squared_Ramp","shift":0.04784470905747803,"epsilon":1.23,"Envelope Args":{"ramp_time":10,"pulse_time":119.33333333333333},"freq_d":-2.374322861724772,"pulse_time":119.33333333333333},"sb_f_3_Mode_5":{"Envelope":"Sine_Squared_Ramp","shift":0.04784470905747803,"epsilon":1.23,"Envelope Args":{"ramp_time":10,"pulse_time":104.66666666666667},"freq_d":-2.3740059561300395,"pulse_time":104.66666666666667},"sb_f_1_Mode_3":{"Envelope":"Sine_Squared_Ramp","shift":0.042040532130898874,"epsilon":0.78,"Envelope Args":{"ramp_time":10,"pulse_time":143.4},"freq_d":-2.8671158572320508,"pulse_time":143.4},"sb_f_2_Mode_3":{"Envelope":"Sine_Squared_Ramp","shift":0.042040532130898874,"epsilon":0.78,"Envelope Args":{"ramp_time":10,"pulse_time":119},"freq_d":-2.866752494557147,"pulse_time":119},"sb_f_3_Mode_3":{"Envelope":"Sine_Squared_Ramp","shift":0.041924606042864763,"epsilon":0.78,"Envelope Args":{"ramp_time":10,"pulse_time":104.5},"freq_d":-2.8663890465944633,"pulse_time":104.5},"q_g_00":{"Envelope":"Guassian","shift":0,"epsilon":0.0055,"freq_d":4.602318049538994,"pulse_time":91,"Envelope Args":{"sigma":23.75,"mu":47.5}},"q_e_00":{"Envelope":"Guassian","shift":0,"epsilon":0.003889087296526011,"freq_d":4.494249836564947,"pulse_time":92,"Envelope Args":{"sigma":23.5,"mu":47}},"half-q_e_00":{"Envelope":"Guassian","shift":0,"freq_d":4.494249836564947,"epsilon":0.003889087296526011,"pulse_time":46.17,"Envelope Args":{"sigma":11.55,"mu":23.1}}},"Drive_Sequences":{"Binomial_Encoding":["q_e_0","q_g_0","sb_f_0_Main","q_g_0","q_e_1","q_g_1","half_sb_f_1","q_g_1","q_e_1","sb_f_2_Main","q_g_2","sb_f_0_Main","q_e_0","sb_f_0_4pi_f_3","q_g_1","sb_f_3_Main","q_e_0","sb_f_1_2pi_f_3"]}},"Main_Config":{"Nrs":[6,6],"E_C":0.10283303447280807,"Cavity_Names":["Mode 3","Mode 5"],"E_J":26.96976142643705,"Nt_cut":60,"E_oscs":[6.2280871213,6.72062927579],"Nt":10,"ng":0,"kappa_tc":2.0e-5,"kappa_td":5.194805194805194e-6,"kappa_cc":1.0e-6,"Model_Name":"Mode3and5","gs":[0.026184375000000013,0.03020625000000001],"Save_Path":"ModelSaves/Mode3and5/"}}