{"Main_Config": {"E_J": 26.96976142643705, "E_C": 0.10283303447280807, "E_osc": [6.2280871213, 6.72062927579], "g": [0.026184375000000013, 0.03020625000000001], "N_Transmon": 8, "N_Cavity": [4, 4], "transmon_ng": 0, "transmon_ncut": 60, "transmon_truncated_dim": 10, "resonator_truncated_dim": [6, 6], "model_name": "Mode_3_And_5", "save_path": "ModelSaves/Mode_3_And_5/"}, "op_drive_params_dict": {"sb_f_0_Mode_5": {"Envelope": "Sine_Squared_Ramp", "shift": 0.04784470905747803, "epsilon": 1.23, "Envelope Args": {"ramp_time": 10, "pulse_time": 198.5}, "freq_d": -2.374956311447704, "pulse_time": 198.5}, "sb_f_0_Mode_3": {"Envelope": "Sine_Squared_Ramp", "shift": 0.042040532130898874, "epsilon": 0.78, "Envelope Args": {"ramp_time": 10, "pulse_time": 198.33333333333334}, "freq_d": -2.8674792852952606, "pulse_time": 198.33333333333334}, "sb_f_1_Mode_5": {"Envelope": "Sine_Squared_Ramp", "shift": 0.04784470905747803, "epsilon": 1.23, "Envelope Args": {"ramp_time": 10, "pulse_time": 143.5}, "freq_d": -2.374639568103845, "pulse_time": 143.5}, "sb_f_2_Mode_5": {"Envelope": "Sine_Squared_Ramp", "shift": 0.04784470905747803, "epsilon": 1.23, "Envelope Args": {"ramp_time": 10, "pulse_time": 119.33333333333333}, "freq_d": -2.374322861724772, "pulse_time": 119.33333333333333}, "sb_f_3_Mode_5": {"Envelope": "Sine_Squared_Ramp", "shift": 0.04784470905747803, "epsilon": 1.23, "Envelope Args": {"ramp_time": 10, "pulse_time": 104.66666666666667}, "freq_d": -2.3740059561300395, "pulse_time": 104.66666666666667}, "sb_f_1_Mode_3": {"Envelope": "Sine_Squared_Ramp", "shift": 0.042040532130898874, "epsilon": 0.78, "Envelope Args": {"ramp_time": 10, "pulse_time": 143.4}, "freq_d": -2.8671158572320508, "pulse_time": 143.4}, "sb_f_2_Mode_3": {"Envelope": "Sine_Squared_Ramp", "shift": 0.042040532130898874, "epsilon": 0.78, "Envelope Args": {"ramp_time": 10, "pulse_time": 119.0}, "freq_d": -2.866752494557147, "pulse_time": 119.0}, "sb_f_3_Mode_3": {"Envelope": "Sine_Squared_Ramp", "shift": 0.041924606042864763, "epsilon": 0.78, "Envelope Args": {"ramp_time": 10, "pulse_time": 104.5}, "freq_d": -2.8663890465944633, "pulse_time": 104.5}, "q_g_00": {"Envelope": "Guassian", "shift": 0, "epsilon": 0.0055, "freq_d": 4.602318049538994, "pulse_time": 91.0, "Envelope Args": {"sigma": 23.75, "mu": 47.5}}, "q_e_00": {"Envelope": "Guassian", "shift": 0, "epsilon": 0.003889087296526011, "freq_d": 4.494249836564947, "pulse_time": 92.0, "Envelope Args": {"sigma": 23.5, "mu": 47.0}}, "half-q_e_00": {"Envelope": "Guassian", "shift": 0, "freq_d": 4.494249836564947, "epsilon": 0.003889087296526011, "pulse_time": 46.17, "Envelope Args": {"sigma": 11.55, "mu": 23.1}}}, "Drive Sequences": {}, "Extra_Stuff": {"Stark_Shift_Fits": {}, "CandD_Coefs":{"T_C": 0.00002, "T_D":0.000005194805194805194, "C_C":0.000001}}, "Model_Type": "Transmon_Resonators", "Cavity_Names": ["Mode 3", "Mode 5"]}