{"Main_Config": {"E_J": 26.96976142643705, "E_C": 0.10283303447280807, "E_osc": 6.2280871213, "g": 0.026184375000000013, "N_Transmon": 4, "N_Cavity": 5, "transmon_ng": 0, "transmon_ncut": 60, "transmon_truncated_dim": 10, "resonator_truncated_dim": 10, "model_name": "Mode_3", "save_path": "ModelSaves/Mode_3/"}, "op_drive_params_dict": {"sb_f_0_Main": {"Envelope": "Sine_Squared_Ramp", "shift": 0.05303586333437701, "epsilon": 0.88, "Envelope Args": {"ramp_time": 10, "pulse_time": 177.8}, "freq_d": -2.870147109080264, "pulse_time": 177.8}, "sb_f_1_Main": {"Envelope": "Sine_Squared_Ramp", "shift": 0.06047808463525562, "epsilon": 0.945, "Envelope Args": {"ramp_time": 10, "pulse_time": 121.66666666666667}, "freq_d": -2.8697817077805183, "pulse_time": 121.66666666666667}, "sb_f_2_Main": {"Envelope": "Sine_Squared_Ramp", "shift": 0.06714410364660924, "epsilon": 1, "Envelope Args": {"ramp_time": 10, "pulse_time": 96.85}, "freq_d": -2.869416372849031, "pulse_time": 96.85}, "sb_f_3_Main": {"Envelope": "Sine_Squared_Ramp", "shift": 0.07339165707463766, "epsilon": 1.05, "Envelope Args": {"ramp_time": 10, "pulse_time": 82.4}, "freq_d": -2.8690511042525344, "pulse_time": 82.4}, "sb_f_1_2pi_f_3": {"Envelope": "Guassian_Ramp", "shift": 0.0007763984853292705, "epsilon": 0.1033229417992506, "Envelope Args": {"ramp_time": 10, "sigma_factor": 2, "pulse_time": 971.249}, "freq_d": -2.8697817077805183, "pulse_time": 971.249}, "sb_f_0_4pi_f_3": {"Envelope": "Guassian_Ramp", "shift": 0.0005714823786576709, "epsilon": 0.08858901552520669, "Envelope Args": {"ramp_time": 10, "sigma_factor": 2, "pulse_time": 1601.37}, "freq_d": -2.870147109080264, "pulse_time": 1601.37}, "q_g_0": {"Envelope": "Guassian", "shift": 0, "epsilon": 0.005, "Envelope Args": {"sigma": 25.5, "mu": 51.0}, "freq_d": 4.6037423584481445, "pulse_time": 100.2}, "q_g_1": {"Envelope": "Guassian", "shift": 0, "epsilon": 0.005, "Envelope Args": {"sigma": 25.5, "mu": 51.0}, "freq_d": 4.603546966798021, "pulse_time": 100.2}, "q_g_2": {"Envelope": "Guassian", "shift": 0, "epsilon": 0.005, "Envelope Args": {"sigma": 25.5, "mu": 51.0}, "freq_d": 4.603351616260738, "pulse_time": 100.0}, "q_g_3": {"Envelope": "Guassian", "shift": 0, "epsilon": 0.005, "Envelope Args": {"sigma": 25.5, "mu": 51.0}, "freq_d": 4.603156306812551, "pulse_time": 100.0}, "q_e_0": {"Envelope": "Guassian", "shift": 0, "epsilon": 0.005, "Envelope Args": {"sigma": 18.5, "mu": 37.0}, "freq_d": 4.495496169774029, "pulse_time": 71.6}, "q_e_1": {"Envelope": "Guassian", "shift": 0, "epsilon": 0.005, "Envelope Args": {"sigma": 18.5, "mu": 37.0}, "freq_d": 4.495326063190177, "pulse_time": 71.6}, "q_e_2": {"Envelope": "Guassian", "shift": 0, "epsilon": 0.005, "Envelope Args": {"sigma": 18.5, "mu": 37.0}, "freq_d": 4.49515598189447, "pulse_time": 71.6}, "q_e_3": {"Envelope": "Guassian", "shift": 0, "epsilon": 0.005, "Envelope Args": {"sigma": 18.75, "mu": 37.5}, "freq_d": 4.494985925876932, "pulse_time": 71.5}, "half_sb_f_1": {"Envelope": "Sine_Squared_Ramp", "shift": 0.06047808463525562, "epsilon": 0.945, "Envelope Args": {"ramp_time": 10, "pulse_time": 66.24242424242424}, "freq_d": -2.8697817077805183, "pulse_time": 66.24242424242424}, "q_g_0_Main": {"Envelope": "Guassian", "shift": 0.0003114098996602884, "epsilon": 0.005, "Envelope Args": {"sigma": 25.5, "mu": 51.0}, "freq_d": 4.6037423584481445, "pulse_time": 100.0}, "q_g_1_Main": {"Envelope": "Guassian", "shift": 0.0003109439766063254, "epsilon": 0.005, "Envelope Args": {"sigma": 25.5, "mu": 51.0}, "freq_d": 4.603546966798021, "pulse_time": 100.0}, "q_g_2_Main": {"Envelope": "Guassian", "shift": 0.00031092175630184925, "epsilon": 0.005, "Envelope Args": {"sigma": 25.5, "mu": 51.0}, "freq_d": 4.603351616260738, "pulse_time": 100.0}, "q_g_3_Main": {"Envelope": "Guassian", "shift": 0.0003109770947187507, "epsilon": 0.005, "Envelope Args": {"sigma": 25.5, "mu": 51.0}, "freq_d": 4.603156306812551, "pulse_time": 100.0}, "q_e_3_Main": {"Envelope": "Guassian", "shift": 0.0002757536510674108, "epsilon": 0.005, "Envelope Args": {"sigma": 18.0, "mu": 36.0}, "freq_d": 4.494985925876932, "pulse_time": 71.6}, "q_e_2_Main": {"Envelope": "Guassian", "shift": 0.0002757267412275568, "epsilon": 0.005, "Envelope Args": {"sigma": 18.125, "mu": 36.25}, "freq_d": 4.49515598189447, "pulse_time": 71.6}, "q_e_1_Main": {"Envelope": "Guassian", "shift": 0, "epsilon": 0.0036, "freq_d": 4.495326063190177, "pulse_time": 99.4, "Envelope Args": {"sigma": 25.5, "mu": 51.0}}, "q_e_0_Main": {"Envelope": "Guassian", "shift": 0, "epsilon": 0.0036, "freq_d": 4.495496169774029, "pulse_time": 99.4, "Envelope Args": {"sigma": 25.5, "mu": 51.0}}, "q_g_0_1": {"Envelope": "Guassian", "shift": 0, "epsilon": 0.005, "freq_d": 4.603644662623083, "pulse_time": 100.0, "Envelope Args": {"sigma": 25.25, "mu": 50.5}}, "q_g_0_2": {"Envelope": "Guassian", "shift": 0, "epsilon": 0.005, "freq_d": 4.6037423584481445, "pulse_time": 100.0, "Envelope Args": {"sigma": 25.25, "mu": 50.5}}, "q_e_1_2": {"Envelope": "Guassian", "shift": 0, "epsilon": 0.005, "freq_d": 4.495326063190177, "pulse_time": 71.7, "Envelope Args": {"sigma": 18.0, "mu": 36.0}}, "q_g_0_3": {"Envelope": "Guassian", "shift": 0, "epsilon": 0.005, "freq_d": 4.6037423584481445, "pulse_time": 100.0, "Envelope Args": {"sigma": 25.25, "mu": 50.5}}, "q_e_0_3": {"Envelope": "Guassian", "shift": 0, "epsilon": 0.005, "freq_d": 4.495534073626416, "pulse_time": 71.7, "Envelope Args": {"sigma": 18.0, "mu": 36.0}}, "half_q_e_0": {"Envelope": "Guassian", "shift": 0, "epsilon": 0.005, "freq_d": 4.495496169774029, "phi": 0, "pulse_time": 35.48, "Envelope Args": {"sigma": 8.9, "mu": 17.8}}, "half_q_e_0_Long": {"Envelope": "Guassian", "shift": 0, "epsilon": 0.0035, "freq_d": 4.495496169774029, "phi": 0, "pulse_time": 51.495, "Envelope Args": {"sigma": 12.9, "mu": 25.8}}}, "Drive Sequences": {"Binomial_Code": ["q_e_0", "q_g_0", "sb_f_0_Main", "q_g_0", "q_e_1", "q_g_1", "half_sb_f_1", "q_g_1", "q_e_1", "sb_f_2_Main", "q_g_2", "sb_f_0_Main", "q_e_0", "sb_f_0_4pi_f_3", "q_g_1", "sb_f_3_Main", "q_e_0", "sb_f_1_2pi_f_3"]}, "Extra_Stuff": {"Stark Shift Fits": {}, "Stark_Shift_Fits": {}, "CandD_Coefs":{"T_C": 0.00002, "T_D":0.000005194805194805194, "C_C":0.000001}}, "Model_Type": "Transmon_Resonators", "Cavity_Names": ["Mode 3"]}